{
  "user": "edwin",
  "pose": "bb_front_double_biceps",
  "voxel_size_m": 0.008,
  "angles": [
    0,
    90,
    180,
    270
  ],
  "captures": [
    {
      "angle_deg": 0,
      "timestamp": 1770256107.838534,
      "dir": "/home/eherrera-chacon/Bodybuilding_Coach/bbcoach/data/scans/edwin/20260205_014822/view_0",
      "paths": {
        "pcd": "/home/eherrera-chacon/Bodybuilding_Coach/bbcoach/data/scans/edwin/20260205_014822/view_0/view_0.pcd",
        "ply": "/home/eherrera-chacon/Bodybuilding_Coach/bbcoach/data/scans/edwin/20260205_014822/view_0/view_0.ply",
        "mask": "/home/eherrera-chacon/Bodybuilding_Coach/bbcoach/data/scans/edwin/20260205_014822/view_0/view_0_mask.png",
        "depth": "/home/eherrera-chacon/Bodybuilding_Coach/bbcoach/data/scans/edwin/20260205_014822/view_0/view_0_depth.png",
        "depth_npy": "/home/eherrera-chacon/Bodybuilding_Coach/bbcoach/data/scans/edwin/20260205_014822/view_0/view_0_depth.npy"
      },
      "z_center": 1.46388578414917,
      "margin_px": 25,
      "frame_shape": [
        424,
        512
      ],
      "intrinsics": {
        "fx": 364.4905090332031,
        "fy": 364.4905090332031,
        "cx": 260.1210021972656,
        "cy": 203.29840087890625,
        "k1": 0.09261216968297958,
        "k2": -0.2715609073638916,
        "k3": 0.09449642151594162,
        "p1": 0.0,
        "p2": 0.0
      }
    }
  ]
}