{
  "user": "edwin",
  "pose": "bb_front_double_biceps",
  "voxel_size_m": 0.008,
  "angles": [
    0,
    90,
    180,
    270
  ],
  "captures": [
    {
      "angle_deg": 0,
      "timestamp": 1770387273.0725884,
      "dir": "/home/eherrera-chacon/Bodybuilding_Coach/data/scans/edwin/20260206_141427/view_0",
      "paths": {
        "pcd": "/home/eherrera-chacon/Bodybuilding_Coach/data/scans/edwin/20260206_141427/view_0/view_0.pcd",
        "ply": "/home/eherrera-chacon/Bodybuilding_Coach/data/scans/edwin/20260206_141427/view_0/view_0.ply",
        "mask": "/home/eherrera-chacon/Bodybuilding_Coach/data/scans/edwin/20260206_141427/view_0/view_0_mask.png",
        "depth": "/home/eherrera-chacon/Bodybuilding_Coach/data/scans/edwin/20260206_141427/view_0/view_0_depth.png",
        "depth_npy": "/home/eherrera-chacon/Bodybuilding_Coach/data/scans/edwin/20260206_141427/view_0/view_0_depth.npy"
      },
      "z_center": 2.0854597091674805,
      "margin_px": 17,
      "frame_shape": [
        424,
        512
      ],
      "intrinsics": {
        "fx": 364.4905090332031,
        "fy": 364.4905090332031,
        "cx": 260.1210021972656,
        "cy": 203.29840087890625,
        "k1": 0.09261216968297958,
        "k2": -0.2715609073638916,
        "k3": 0.09449642151594162,
        "p1": 0.0,
        "p2": 0.0
      }
    },
    {
      "angle_deg": 90,
      "timestamp": 1770387278.7078636,
      "dir": "/home/eherrera-chacon/Bodybuilding_Coach/data/scans/edwin/20260206_141427/view_1",
      "paths": {
        "pcd": "/home/eherrera-chacon/Bodybuilding_Coach/data/scans/edwin/20260206_141427/view_1/view_1.pcd",
        "ply": "/home/eherrera-chacon/Bodybuilding_Coach/data/scans/edwin/20260206_141427/view_1/view_1.ply",
        "mask": "/home/eherrera-chacon/Bodybuilding_Coach/data/scans/edwin/20260206_141427/view_1/view_1_mask.png",
        "depth": "/home/eherrera-chacon/Bodybuilding_Coach/data/scans/edwin/20260206_141427/view_1/view_1_depth.png",
        "depth_npy": "/home/eherrera-chacon/Bodybuilding_Coach/data/scans/edwin/20260206_141427/view_1/view_1_depth.npy"
      },
      "z_center": 1.962845802307129,
      "margin_px": 19,
      "frame_shape": [
        424,
        512
      ],
      "intrinsics": {
        "fx": 364.4905090332031,
        "fy": 364.4905090332031,
        "cx": 260.1210021972656,
        "cy": 203.29840087890625,
        "k1": 0.09261216968297958,
        "k2": -0.2715609073638916,
        "k3": 0.09449642151594162,
        "p1": 0.0,
        "p2": 0.0
      }
    },
    {
      "angle_deg": 180,
      "timestamp": 1770387284.3076134,
      "dir": "/home/eherrera-chacon/Bodybuilding_Coach/data/scans/edwin/20260206_141427/view_2",
      "paths": {
        "pcd": "/home/eherrera-chacon/Bodybuilding_Coach/data/scans/edwin/20260206_141427/view_2/view_2.pcd",
        "ply": "/home/eherrera-chacon/Bodybuilding_Coach/data/scans/edwin/20260206_141427/view_2/view_2.ply",
        "mask": "/home/eherrera-chacon/Bodybuilding_Coach/data/scans/edwin/20260206_141427/view_2/view_2_mask.png",
        "depth": "/home/eherrera-chacon/Bodybuilding_Coach/data/scans/edwin/20260206_141427/view_2/view_2_depth.png",
        "depth_npy": "/home/eherrera-chacon/Bodybuilding_Coach/data/scans/edwin/20260206_141427/view_2/view_2_depth.npy"
      },
      "z_center": 2.0414528846740723,
      "margin_px": 18,
      "frame_shape": [
        424,
        512
      ],
      "intrinsics": {
        "fx": 364.4905090332031,
        "fy": 364.4905090332031,
        "cx": 260.1210021972656,
        "cy": 203.29840087890625,
        "k1": 0.09261216968297958,
        "k2": -0.2715609073638916,
        "k3": 0.09449642151594162,
        "p1": 0.0,
        "p2": 0.0
      }
    },
    {
      "angle_deg": 270,
      "timestamp": 1770387289.868123,
      "dir": "/home/eherrera-chacon/Bodybuilding_Coach/data/scans/edwin/20260206_141427/view_3",
      "paths": {
        "pcd": "/home/eherrera-chacon/Bodybuilding_Coach/data/scans/edwin/20260206_141427/view_3/view_3.pcd",
        "ply": "/home/eherrera-chacon/Bodybuilding_Coach/data/scans/edwin/20260206_141427/view_3/view_3.ply",
        "mask": "/home/eherrera-chacon/Bodybuilding_Coach/data/scans/edwin/20260206_141427/view_3/view_3_mask.png",
        "depth": "/home/eherrera-chacon/Bodybuilding_Coach/data/scans/edwin/20260206_141427/view_3/view_3_depth.png",
        "depth_npy": "/home/eherrera-chacon/Bodybuilding_Coach/data/scans/edwin/20260206_141427/view_3/view_3_depth.npy"
      },
      "z_center": 1.9878172874450684,
      "margin_px": 18,
      "frame_shape": [
        424,
        512
      ],
      "intrinsics": {
        "fx": 364.4905090332031,
        "fy": 364.4905090332031,
        "cx": 260.1210021972656,
        "cy": 203.29840087890625,
        "k1": 0.09261216968297958,
        "k2": -0.2715609073638916,
        "k3": 0.09449642151594162,
        "p1": 0.0,
        "p2": 0.0
      }
    }
  ]
}