{
  "views": [
    {
      "angle_deg": 0,
      "silhouette_area_m2": 0.5776572318277171,
      "width_profile_m": [
        0.0,
        0.0,
        0.0,
        0.0,
        0.0,
        0.0,
        0.0,
        0.0,
        0.0,
        0.0,
        0.07858292865440769,
        0.13318238286114978,
        0.1449161425027996,
        0.16789598792242724,
        0.11658731907188982,
        0.10262030084040649,
        0.16807821314194812,
        0.3993492344242221,
        0.46044441987880563,
        0.502682988571309,
        0.5450765994411244,
        0.594673434572837,
        0.6308266884007159,
        0.6522284351484579,
        0.6823778087682759,
        0.6922578905849355,
        0.6935965996504412,
        0.6885267506724299,
        0.6869156728484861,
        0.6822780196548368,
        0.6899253498205109,
        0.6779779151273169,
        0.3375279908737925,
        0.3503201865011669,
        0.35705674052057057,
        0.35679102345393465,
        0.35215698882248897,
        0.3244607949847722,
        0.3097373494228092,
        0.3113456014714963,
        0.3322857486734555,
        0.3582639535735591,
        0.3465281701012046,
        0.3543479137667584,
        0.35042883232686894,
        0.33985110257564183,
        0.3284843640435797,
        0.5052744128666967,
        0.600615773712964,
        0.6217571690964845,
        0.6066907673026405,
        0.584117846602267,
        0.568058625678971,
        0.1441547259128824,
        0.0,
        0.0,
        0.0,
        0.0,
        0.0,
        0.0
      ],
      "height_bins": [
        0.0,
        0.016548463356973995,
        0.03309692671394799,
        0.04964539007092199,
        0.06619385342789598,
        0.08274231678486997,
        0.1016548463356974,
        0.1182033096926714,
        0.1347517730496454,
        0.15130023640661938,
        0.16784869976359337,
        0.18439716312056736,
        0.2033096926713948,
        0.2198581560283688,
        0.2364066193853428,
        0.25295508274231676,
        0.2695035460992908,
        0.2860520094562648,
        0.3049645390070922,
        0.3215130023640662,
        0.3380614657210402,
        0.3546099290780142,
        0.37115839243498816,
        0.3877068557919622,
        0.4066193853427896,
        0.4231678486997636,
        0.4397163120567376,
        0.4562647754137116,
        0.4728132387706856,
        0.48936170212765956,
        0.508274231678487,
        0.524822695035461,
        0.541371158392435,
        0.557919621749409,
        0.574468085106383,
        0.5910165484633569,
        0.6099290780141844,
        0.6264775413711584,
        0.6430260047281324,
        0.6595744680851063,
        0.6761229314420804,
        0.6926713947990544,
        0.7115839243498818,
        0.7281323877068558,
        0.7446808510638298,
        0.7612293144208038,
        0.7777777777777778,
        0.7943262411347518,
        0.8132387706855791,
        0.8297872340425532,
        0.8463356973995272,
        0.8628841607565012,
        0.8794326241134752,
        0.8959810874704491,
        0.9148936170212766,
        0.9314420803782506,
        0.9479905437352246,
        0.9645390070921985,
        0.9810874704491725,
        1.0
      ],
      "key_widths_m": {
        "shoulders": 0.6066907673026405,
        "chest": 0.3284843640435797,
        "waist": 0.3244607949847722,
        "hips": 0.3503201865011669,
        "thigh": 0.6823778087682759,
        "calf": 0.13318238286114978
      },
      "slab_area_m2": [],
      "slab_perimeter_m": []
    },
    {
      "angle_deg": 90,
      "silhouette_area_m2": 0.360957409009207,
      "width_profile_m": [
        0.0,
        0.0,
        0.0,
        0.0,
        0.0,
        0.0,
        0.0,
        0.0,
        0.0,
        0.0,
        0.07811933405896451,
        0.15456982281342557,
        0.1713729081413725,
        0.1948588845775466,
        0.1725685132759108,
        0.16265573684706278,
        0.12965109852013104,
        0.16316185412720174,
        0.21131164703450586,
        0.23163880966833772,
        0.22774687136966373,
        0.22352099315534438,
        0.22934490287705783,
        0.20964660802310855,
        0.1975060852285215,
        0.17625111199489268,
        0.20370112193743525,
        0.19262143115050917,
        0.23057101199384608,
        0.2632358799542643,
        0.28902016962500915,
        0.2881708475494249,
        0.2719618641351558,
        0.17614425419156662,
        0.17088916681493266,
        0.16595784819830664,
        0.16153949478801452,
        0.1516319715538624,
        0.13568754644213962,
        0.1303015520832243,
        0.12990555892787994,
        0.12406421312624936,
        0.13389895171587354,
        0.1338111858836827,
        0.1123897888779579,
        0.1128143743655088,
        0.1185798595485039,
        0.15354758684025996,
        0.4438413052465227,
        0.43844454285235845,
        0.4336217686736648,
        0.3520149510983893,
        0.3466356430993522,
        0.3300008987535191,
        0.21982711553757758,
        0.0,
        0.0,
        0.0,
        0.0,
        0.0
      ],
      "height_bins": [
        0.0,
        0.016548463356973995,
        0.03309692671394799,
        0.04964539007092199,
        0.06619385342789598,
        0.08274231678486997,
        0.1016548463356974,
        0.1182033096926714,
        0.1347517730496454,
        0.15130023640661938,
        0.16784869976359337,
        0.18439716312056736,
        0.2033096926713948,
        0.2198581560283688,
        0.2364066193853428,
        0.25295508274231676,
        0.2695035460992908,
        0.2860520094562648,
        0.3049645390070922,
        0.3215130023640662,
        0.3380614657210402,
        0.3546099290780142,
        0.37115839243498816,
        0.3877068557919622,
        0.4066193853427896,
        0.4231678486997636,
        0.4397163120567376,
        0.4562647754137116,
        0.4728132387706856,
        0.48936170212765956,
        0.508274231678487,
        0.524822695035461,
        0.541371158392435,
        0.557919621749409,
        0.574468085106383,
        0.5910165484633569,
        0.6099290780141844,
        0.6264775413711584,
        0.6430260047281324,
        0.6595744680851063,
        0.6761229314420804,
        0.6926713947990544,
        0.7115839243498818,
        0.7281323877068558,
        0.7446808510638298,
        0.7612293144208038,
        0.7777777777777778,
        0.7943262411347518,
        0.8132387706855791,
        0.8297872340425532,
        0.8463356973995272,
        0.8628841607565012,
        0.8794326241134752,
        0.8959810874704491,
        0.9148936170212766,
        0.9314420803782506,
        0.9479905437352246,
        0.9645390070921985,
        0.9810874704491725,
        1.0
      ],
      "key_widths_m": {
        "shoulders": 0.4336217686736648,
        "chest": 0.1185798595485039,
        "waist": 0.1516319715538624,
        "hips": 0.17614425419156662,
        "thigh": 0.1975060852285215,
        "calf": 0.15456982281342557
      },
      "slab_area_m2": [],
      "slab_perimeter_m": []
    },
    {
      "angle_deg": 180,
      "silhouette_area_m2": 0.5677358517265951,